date,type,from,to,amount_usd,note,sources
2026-09-23,Fine,Underdog,North Carolina Lottery Commission,175000,Underage accounts,https://www.covers.com/industry/north-carolina-regulators-fine-underdog-bet365-for-sports-betting-violations-sept-23-2026
2026-09-23,Fine,bet365,North Carolina Lottery Commission,75000,Contacted self-excluded customers,https://www.covers.com/industry/north-carolina-regulators-fine-underdog-bet365-for-sports-betting-violations-sept-23-2026
2026-09-23,Acquisition,Fertitta Entertainment,Caesars Entertainment shareholders,17600000000,Approved by shareholders; FTC review continuing,https://www.fox5vegas.com/2026/09/23/caesars-stockholders-approve-merger-with-fertitta-gaming/
2026-09-05,Athlete,Polymarket,LeBron James,,Endorsement; terms not disclosed,https://www.cnbc.com/2026/09/05/lebron-james-polymarket-partnership.html
2026-08-31,Political,DraftKings employees,DraftKings PAC,142310,"2025-26 cycle receipts; $81,500 given to other committees",https://www.fec.gov/data/committee/C00908699/
2026-08-28,Fine,Gabriel Perez,CFTC,172539.02,"Insider trading of presidential mention-market contracts: $107,539.02 disgorgement plus $65,000 penalty",https://www.cftc.gov/PressRoom/PressReleases/9289-26
2026-08-27,League,"DraftKings, FanDuel, Fanatics",NFL,,Official sportsbook partners; terms not disclosed,https://www.nfl.com/news/nfl-draftkings-fanduel-fanatics-sports-betting-partners
2026-08-27,Fine,Fanatics Sportsbook,Colorado Limited Gaming Control Commission,20000,Marketed to a self-excluded customer,https://sbcamericas.com/2026/09/01/colorado-fines-fanatics-sportsbook/
2026-08-25,League,Kalshi,"Braves, Red Sox, Dodgers, Padres, Giants",,Team marketing deals; terms not disclosed,https://news.kalshi.com/p/kalshi-partners-with-mlb-teams
2026-08-05,Fine,Caesars Sportsbook,New Jersey Division of Gaming Enforcement,296715,"$251,250 fine plus $45,465 disgorgement",https://www.playnj.com/news/caesars-sportsbook-fined-296715-by-new-jersey-regulators/99619/
2026-08,League,Polymarket,New York Yankees,,Official prediction-market partner; terms not disclosed,https://www.prnewswire.com/news-releases/polymarket-becomes-an-official-prediction-market-partner-of-the-new-york-yankees-302844285.html
2026-07-31,Acquisition,IG Group,Underdog,1300000000,Up to $1.3B; about $380M upfront,https://sbcamericas.com/2026/07/31/underdog-acquired-ig-group/
2026-07-31,Fine,George Santos,CFTC,35069.98,"Manipulating a State of the Union event contract: $17,569.98 disgorgement plus $17,500 penalty",https://www.cftc.gov/PressRoom/PressReleases/9276-26
2026-07-30,League,Novig,New York Mets,,Exclusive prediction-market partner; terms not disclosed,https://www.prnewswire.com/news-releases/novig-named-exclusive-official-prediction-market-partner-of-the-new-york-mets-302838399.html
2026-06-30,Political,DraftKings,Win for America (super PAC),14500000,Q2 2026 contributions,https://www.citizen.org/article/corporate-money-2026-midterms-surges-to-650-million/
2026-06-30,Political,FanDuel,Win for America (super PAC),7500000,Q2 2026 contributions,https://www.citizen.org/article/corporate-money-2026-midterms-surges-to-650-million/
2026-06-30,Political,bet365 (Hillside Shared Services US),Win for America (super PAC),5500000,Q2 2026 contributions,https://www.citizen.org/article/corporate-money-2026-midterms-surges-to-650-million/
2026-06-30,Political,Fanatics Betting and Gaming,Win for America (super PAC),1500000,Q2 2026 contributions,https://www.citizen.org/article/corporate-money-2026-midterms-surges-to-650-million/
2026-06-30,Political,Online sportsbooks,Win for America (super PAC),72000000,"Total receipts, Nov. 5, 2025 to June 30, 2026 (all contributions)",https://www.fec.gov/data/committee/C00925586/
2026-06-30,Political,Win for America,American Conservative Fund; American Future,68050000,"Transfers to other committees through June 30, 2026 ($50.6M and $17.45M)",https://www.fec.gov/data/committee/C00925586/ https://dailycaller.com/2026/08/31/sports-betting-super-pacs-spending-2026-elections/
2026-06-30,Political,Kalshi,Democratic Governors Association,150000,First half of 2026,https://www.lockhaven.com/news/local-news/2026/10/prediction-markets-spend-millions-to-influence-state-federal-governments/
2026-06-30,Political,Kalshi,Republican Governors Association,100000,2026,https://www.lockhaven.com/news/local-news/2026/10/prediction-markets-spend-millions-to-influence-state-federal-governments/
2026-06-30,Political,Kalshi,RAGA and DAGA (attorneys general associations),300000,"More than $300,000 combined",https://www.lockhaven.com/news/local-news/2026/10/prediction-markets-spend-millions-to-influence-state-federal-governments/
2026-06-30,Lobbying,Kalshi,Federal lobbying (in-house),990000,"Q1 $490,000 (amended) + Q2 $500,000",https://lda.gov/api/v1/filings/?client_name=kalshi&filing_year=2026
2026-06-30,Lobbying,American Gaming Association,Federal lobbying (in-house),1390000,"Q1 $730,000 + Q2 $660,000",https://lda.gov/api/v1/filings/?client_name=american%20gaming%20association&filing_year=2026
2026-06-30,Lobbying,DraftKings,Federal lobbying (in-house),640000,"Q1 $290,000 + Q2 $350,000",https://lda.gov/api/v1/filings/?client_name=draftkings&filing_year=2026
2026-06,Political,Blockratize (Polymarket parent),Congressional Leadership Fund,1000000,"House GOP super PAC; plus $10,000 to V-PAC in April",https://www.citizen.org/article/corporate-money-2026-midterms-surges-to-650-million/ https://www.spokesman.com/stories/2026/aug/27/corporate-political-donations-shatter-record-at-64/
2026-05-31,Political,Kalshi,Xavier Becerra for Governor,39200,Days before the California primary,https://calmatters.org/politics/2026/06/kalshi-becerra-prediction-governor/
2026-05-20,Political,Win for Pennsylvania,"PA Senate primaries (Baker, Bartolotta, Gebhard)",5000000,More than $5 million in spending,https://www.spotlightpa.org/news/2026/05/gambling-skill-games-sports-betting-pennsylvania-senate-races-funding-attack-incumbents-elections/
2026-05-14,Political,American Conservative Fund Action Georgia; American Future,Georgia legislative primaries,10000000,About $10 million total,https://www.ajc.com/politics/2026/05/sports-betting-industry-pours-10m-into-georgia-campaigns/
2026-05,Funding,Kalshi,National Council on Problem Gambling,2000000,Membership funding,https://www.axios.com/2026/09/22/problem-gambling-national-council-kalshi-membership
2026-04-07,League,PrizePicks,NBA,,Official daily fantasy partner; terms not disclosed,https://sbcamericas.com/2026/04/07/nba-prize-picks-dfs-partner/
2026-03-31,Political,Online sportsbooks,Win for America (super PAC),43000000,Total receipts through Q1 2026,https://www.citizen.org/article/corporate-supremacist-super-pacs-500-million-midterm-crypto-ai-sports-betting/
2026-03-19,League,Polymarket,MLB,,"Exclusive prediction-market partner; reported value conflicts, so none recorded",https://www.espn.com/mlb/story/_/id/48248176/mlb-reaches-agreements-polymarket-federal-commission
2026-02-06,Athlete,Kalshi,Giannis Antetokounmpo,,Shareholder (under 1%) and marketing partner; size not disclosed,https://www.espn.com/nba/story/_/id/47853309/bucks-giannis-antetokounmpo-joins-kalshi-shareholder
2026-01-26,League,Polymarket,MLS,,Exclusive prediction-market partner; terms not disclosed,https://www.mlssoccer.com/news/mls-enters-multi-year-partnership-with-polymarket
2026-01-14,Athlete,Kalshi,Bryson DeChambeau,,Kalshi's first athlete endorser; terms not disclosed,https://frontofficesports.com/kalshi-athlete-deal-bryson-dechambeau-liv-golf/
2025-12-31,Political,FanDuel employees,FanDuel PAC,130000,Approximate receipts through 2025,https://popular.info/p/draftkings-and-fanduel-spending-millions
2025-12-24,Political,FanDuel,"SLF, CLF, Senate Majority PAC, House Majority PAC",2000000,"$500,000 to each",https://popular.info/p/draftkings-and-fanduel-spending-millions
2025-12-16,Political,DraftKings,Senate Leadership Fund,500000,,https://popular.info/p/draftkings-and-fanduel-spending-millions
2025-12-04,Media,Kalshi,CNBC; CNN,,Data partnerships; terms not disclosed,https://www.cnbc.com/2025/12/04/cnbc-and-kalshi-strike-exclusive-partnership.html
2025-12-01,Media,DraftKings,ESPN,,Official sportsbook and odds provider; terms not disclosed,https://thewaltdisneycompany.com/news/espn-draftkings/
2025-11-13,League,Polymarket,"TKO (UFC, Zuffa Boxing)",,Exclusive prediction-market partner; terms not disclosed,https://www.ufc.com/news/tko-and-polymarket-announce-first-its-kind-sports-partnership
2025-11-06,Media,PENN Entertainment,ESPN,38100000,Final payment to end the ESPN Bet deal early,https://www.sportico.com/business/sports-betting/2025/penn-espn-bet-termination-draftkings-1234876039/
2025-11-02,Political,DraftKings,Win for America (super PAC),2000000,Seed contribution,https://popular.info/p/draftkings-and-fanduel-spending-millions
2025-11,Political,Win for America,American Conservative Fund; American Future,950000,"First transfers: $500,000 and $450,000",https://popular.info/p/draftkings-and-fanduel-spending-millions
2025-10-22,League,"Kalshi, Polymarket",NHL,,First major-league prediction-market partners; terms not disclosed,https://www.espn.com/nhl/story/_/id/46683244/nhl-inks-deal-prediction-markets-kalshi-polymarket
2025-08-29,Athlete,BetMGM,Jon Hamm,,Ambassador; terms not disclosed,https://casinobeats.com/2025/08/29/jon-hamm-joins-betmgm-as-ambassador-in-companys-largest-rebrand/
2025,Lobbying,FanDuel,Federal lobbying (outside firms),1030000,"2025, up from $160,000",https://www.legistorm.com/pro_news/4391/all-in-on-lobbying-sportsbooks-ramp-up-spending.html
2025,Lobbying,DraftKings,Federal lobbying (outside firms),950000,2025,https://www.legistorm.com/pro_news/4391/all-in-on-lobbying-sportsbooks-ramp-up-spending.html
2025,Lobbying,PrizePicks,Federal lobbying (outside firms),828000,2025,https://www.legistorm.com/pro_news/4391/all-in-on-lobbying-sportsbooks-ramp-up-spending.html
2024-11-05,Ballot measure,DK Crown Holdings (DraftKings),Winning for Missouri Education (Amendment 2),20275000,Measure passed with 50.05%,"https://ballotpedia.org/Missouri_Amendment_2,_Sports_Betting_Initiative_(2024)"
2024-11-05,Ballot measure,BetFAIR Interactive US (FanDuel),Winning for Missouri Education (Amendment 2),20275000,Committee raised $45.55M total,"https://ballotpedia.org/Missouri_Amendment_2,_Sports_Betting_Initiative_(2024)"
2024-11-05,Ballot measure,Caesars' Missouri casinos,Missourians Against the Deceptive Online Gambling Amendment,14174123,Opposition committee total,"https://ballotpedia.org/Missouri_Amendment_2,_Sports_Betting_Initiative_(2024)"
2024-10-18,Media,FanDuel,Diamond Sports Group,,Naming rights to 16 regional sports networks; terms not disclosed,https://www.fanduel.com/about/news/diamond-sports-group-and-fanduel-announce-broad-commercial-partnership
2024-10-16,Athlete,DraftKings,Shaquille O'Neal,,Brand ambassador; terms not disclosed,https://sbcamericas.com/2024/10/16/draftkings-shaquille-oneal/
2023-09-05,Athlete,BetMGM,Jamie Foxx,,Ad campaign; terms not disclosed,https://sports.betmgm.com/en/blog/jamie-foxx-stars-in-new-betmgm-campaign-for-pro-football-season-debut/
2023-08-08,Media,PENN Entertainment,ESPN,1500000000,"ESPN Bet brand rights over 10 years, plus about $500M in warrants",https://www.sec.gov/Archives/edgar/data/921738/000110465923088855/tm2323045d1_ex99-1.htm
2023-01-10,Athlete,FanDuel,Rob Gronkowski,,Exclusive brand partner; terms not disclosed,https://flutter.com/news-media/press-releases/fanduel-launches-kick-of-destiny-campaign-for-upcoming-super-bowl/
2022-11-08,Ballot measure,"All sides, California Props 26 and 27",Support and opposition committees,463378417,Costliest ballot fight in state history; both measures failed,https://ballotpedia.org/What_were_the_most_expensive_ballot_measures_in_California https://www.npr.org/2022/11/09/1133986282/california-gambling-prop-26-27-midterm-results
2022-06-30,Ballot measure,"DraftKings, FanDuel, BetMGM",Yes on 27 committee,50100000,"$16.7 million each as of June 30, 2022 filings",https://news.ballotpedia.org/2022/08/05/california-propositions-26-and-27-become-the-most-expensive-ballot-measures-in-california-since-1999/
2021-11-17,League,Sportradar,NBA,,Eight-year data deal including an equity stake; value not disclosed,https://investors.sportradar.com/news-releases/news-release-details/nba-and-sportradar-announce-landmark-long-term-global
2021-11-09,Athlete,Caesars Sportsbook,"Archie, Peyton, Eli and Cooper Manning",,Marketing partnership; terms not disclosed,https://sportshandle.com/manning-family-partnership-caesars-sportsbook/
2021-11-04,League,"DraftKings, FanDuel",NBA,,Co-official betting partners; terms not disclosed,https://www.draftkings.com/news-2021-11-the-nba-announces-expanded-sports-betting-and-daily-fantasy-agreement-with-draftkings
2021-09-17,College,Caesars Sportsbook,LSU Athletics,,"Described only as multi-year, seven figures; ended 2023",https://lsusports.net/news/2021/09/17/caesars-named-official-sportsbook-of-lsu-athletics
2021-06-02,Athlete,BetMGM,Wayne Gretzky,,Multi-year ambassador; terms not disclosed,https://www.usatoday.com/story/sports/sports-betting/2021/06/02/hockey-legend-wayne-gretzky-and-betmgm-partner-on-multiyear-deal/116752486/
2020-12-21,Athlete,FanDuel,Charles Barkley,,Exclusive multi-year partnership; terms not disclosed,https://www.businesswire.com/news/home/20201221005545/en/FanDuel-Group-Announces-Exclusive-Multi-Year-Partnership-with-Charles-Barkley
2020-09,College,PointsBet,University of Colorado,1625000,"Over five years, plus $30 per referred customer; ended 2023",https://frontofficesports.com/colorados-pointsbet-deal-worth-north-of-1-6-million-reports-say/
